{
    "components": {
        "fractions": [
            0.977,
            0.023
        ],
        "labels": [
            "Ar",
            "iC4H10"
        ]
    },
    "electric_field": [
        0,
        10.050251675290069,
        20.10050444266995,
        35.175884349801954,
        50.251260896657605,
        65.32664647425597,
        80.40201997586117,
        95.47740933377041,
        110.5527612035966,
        125.62813806547817,
        140.7035527304687,
        155.77895794468196,
        165.8291423304381,
        170.8543169550954,
        185.92972111922234,
        201.0050580778222,
        216.0804569915173,
        231.15580025063537,
        241.206044491314,
        251.2563632881242,
        261.30654872396667,
        271.3568139663725,
        286.43222128075854,
        301.5075792410856,
        316.582987605558,
        331.65833926536686,
        336.68342253251086,
        341.7085467530229,
        346.73373292863016,
        361.80908458843913,
        376.8844992534296,
        391.95982571116593,
        407.0352319754656,
        422.1106361395925,
        437.1860718063102,
        452.261364661283,
        467.33679087722345,
        482.412100533578,
        492.46233742365206,
        502.5127286764211,
        512.5628458566503,
        522.613119499747,
        537.6885593668101,
        552.7638973754963,
        567.8393414429049,
        582.9146679006412,
        587.9397070641581,
        592.9648302345837,
        597.9900783652863,
        613.0654016727634,
        628.140854140863,
        643.2161721979083,
        648.2412092612525,
        653.2663324316783,
        658.2915879129853,
        663.3165966239976,
        668.3417239947688,
        673.3669311721032,
        678.3919577345838,
        683.4170872055277,
        688.4424392947799,
        703.5177279494072,
        708.542711458347,
        713.5678335786863,
        718.5931573156067,
        733.6684554210112,
        748.7439614435151,
        758.7940135183899,
        768.8442997625228,
        783.9197700820906,
        798.9950839387906,
        814.0705679094807,
        829.1458628646262,
        834.170843223307,
        839.1959653436462,
        844.2212922308258,
        859.2965871859714,
        874.3720932084751,
        889.4473094071436,
        904.5227797267112,
        919.598090433152,
        934.6735712535833,
        949.748811604238,
        964.8243312778645,
        979.899573728692,
        989.9497948674708,
        1000.0003362825894
    ],
    "electron_drift_velocity": [
        0,
        0.00026558805699999997,
        0.000650736611,
        0.00138902748,
        0.00206622973,
        0.00257290434,
        0.0029156604800000007,
        0.00314128416,
        0.00328430465,
        0.00336769506,
        0.00340895139,
        0.00342356799,
        0.0034213815300000003,
        0.0034166997400000006,
        0.00339445067,
        0.0033625935100000007,
        0.0033236501999999997,
        0.00328130888,
        0.00324846311,
        0.00321725623,
        0.0031844185000000002,
        0.00315193305,
        0.00310169615,
        0.0030528474900000002,
        0.0030051867500000004,
        0.00295667075,
        0.0029424632700000004,
        0.00292580325,
        0.00291329826,
        0.00286670007,
        0.00282556489,
        0.00278291988,
        0.00274335539,
        0.00270605664,
        0.0026722280500000003,
        0.00263713059,
        0.00260346249,
        0.00257289606,
        0.00255413034,
        0.00253469291,
        0.0025174705999999997,
        0.00249710029,
        0.00247182535,
        0.0024475901599999997,
        0.0024237810199999998,
        0.00240198637,
        0.0023949059400000003,
        0.00238713936,
        0.00238221637,
        0.00236169055,
        0.0023415827299999997,
        0.00232509124,
        0.00231831264,
        0.0023115423000000003,
        0.00230695953,
        0.00230106041,
        0.00229774405,
        0.00228976921,
        0.0022859738,
        0.00227977268,
        0.00227486882,
        0.00226187406,
        0.00225608454,
        0.0022516447,
        0.0022455518799999997,
        0.00223290459,
        0.00221939602,
        0.00221118018,
        0.00220393905,
        0.0021910247799999997,
        0.0021811197299999997,
        0.00217164013,
        0.0021611547,
        0.00215833584,
        0.00215496131,
        0.00215210993,
        0.0021424251499999997,
        0.00213536343,
        0.00212467301,
        0.0021172137100000004,
        0.00210819854,
        0.00210382185,
        0.00209462368,
        0.00208748257,
        0.0020836378500000002,
        0.00207942429,
        0.0020736264100000004
    ],
    "electron_longitudinal_diffusion": [
        0,
        0.08888133984725025,
        0.08286294690890404,
        0.07223116826504233,
        0.055229883973376616,
        0.05344561470271822,
        0.04837431004945001,
        0.04230587056899906,
        0.03978814338830497,
        0.036283095904310204,
        0.03320155605005501,
        0.031461735117572776,
        0.03324778651863675,
        0.03146846771308074,
        0.031458719228316716,
        0.03263336967359549,
        0.02987631219272182,
        0.03052870091345928,
        0.029273388129224573,
        0.028200689090421872,
        0.026433949656777162,
        0.027180713461601013,
        0.02955274612753306,
        0.02787946778423703,
        0.026125919849581115,
        0.025545380516635158,
        0.0252234179059204,
        0.02472739676322124,
        0.026340725134596253,
        0.02511677269197975,
        0.024598394407033757,
        0.024162668707249372,
        0.02423754796360556,
        0.02345959838879475,
        0.02524686972369757,
        0.024396043605934222,
        0.023059392013815076,
        0.023968741133939528,
        0.021884878553417184,
        0.022425856226907567,
        0.023063815986677644,
        0.022889060927154113,
        0.02339583240506954,
        0.023143454040396843,
        0.02297650141009384,
        0.02157228312870815,
        0.022893031143384927,
        0.022512951053697116,
        0.021542938492301406,
        0.021798982213182813,
        0.02175680534293328,
        0.022679368520268625,
        0.023335138968460546,
        0.024091780744094852,
        0.021202338037781408,
        0.021120196576877935,
        0.021853093370425927,
        0.02057364264049305,
        0.023169522673656823,
        0.02224915295168248,
        0.021332258306850514,
        0.022530202106882505,
        0.022957886278807706,
        0.022231612468175458,
        0.022679798823755645,
        0.021840683694360517,
        0.022157617765688455,
        0.022498473149719804,
        0.022113984053978887,
        0.022315627897061773,
        0.021870209598888517,
        0.021638514037944635,
        0.02253697364695448,
        0.02179791345954928,
        0.022325317502088753,
        0.021808186152957446,
        0.020983967319297876,
        0.021187241742268215,
        0.02158608320594332,
        0.02234671374430842,
        0.021763550189623424,
        0.021578750827118253,
        0.022121221200692587,
        0.021822870321170786,
        0.02176289615547943,
        0.021709524266045766,
        0.02132278539653709
    ],